<?xml version="1.0" encoding="UTF-8"?>
<GenRun Id="impl_1" LaunchPart="xc7z010clg400-1" LaunchTime="1681551084">
  <File Type="ROUTE-PWR" Name="led_lauflicht_power_routed.rpt"/>
  <File Type="PA-TCL" Name="led_lauflicht.tcl"/>
  <File Type="BITSTR-BMM" Name="led_lauflicht_bd.bmm"/>
  <File Type="ROUTE-PWR-SUM" Name="led_lauflicht_power_summary_routed.pb"/>
  <File Type="REPORTS-TCL" Name="led_lauflicht_reports.tcl"/>
  <File Type="OPT-DCP" Name="led_lauflicht_opt.dcp"/>
  <File Type="OPT-DRC" Name="led_lauflicht_drc_opted.rpt"/>
  <File Type="OPT-HWDEF" Name="led_lauflicht.hwdef"/>
  <File Type="PWROPT-DCP" Name="led_lauflicht_pwropt.dcp"/>
  <File Type="PLACE-DCP" Name="led_lauflicht_placed.dcp"/>
  <File Type="PLACE-IO" Name="led_lauflicht_io_placed.rpt"/>
  <File Type="PLACE-UTIL" Name="led_lauflicht_utilization_placed.rpt"/>
  <File Type="PLACE-UTIL-PB" Name="led_lauflicht_utilization_placed.pb"/>
  <File Type="PLACE-CTRL" Name="led_lauflicht_control_sets_placed.rpt"/>
  <File Type="PLACE-PRE-SIMILARITY" Name="led_lauflicht_incremental_reuse_pre_placed.rpt"/>
  <File Type="POSTPLACE-PWROPT-DCP" Name="led_lauflicht_postplace_pwropt.dcp"/>
  <File Type="BG-BIN" Name="led_lauflicht.bin"/>
  <File Type="PHYSOPT-DCP" Name="led_lauflicht_physopt.dcp"/>
  <File Type="BITSTR-MSK" Name="led_lauflicht.msk"/>
  <File Type="ROUTE-ERROR-DCP" Name="led_lauflicht_routed_error.dcp"/>
  <File Type="ROUTE-DCP" Name="led_lauflicht_routed.dcp"/>
  <File Type="ROUTE-BLACKBOX-DCP" Name="led_lauflicht_routed_bb.dcp"/>
  <File Type="ROUTE-DRC" Name="led_lauflicht_drc_routed.rpt"/>
  <File Type="ROUTE-DRC-PB" Name="led_lauflicht_drc_routed.pb"/>
  <File Type="ROUTE-DRC-RPX" Name="led_lauflicht_drc_routed.rpx"/>
  <File Type="ROUTE-METHODOLOGY-DRC" Name="led_lauflicht_methodology_drc_routed.rpt"/>
  <File Type="BITSTR-MMI" Name="led_lauflicht.mmi"/>
  <File Type="ROUTE-METHODOLOGY-DRC-RPX" Name="led_lauflicht_methodology_drc_routed.rpx"/>
  <File Type="ROUTE-METHODOLOGY-DRC-PB" Name="led_lauflicht_methodology_drc_routed.pb"/>
  <File Type="ROUTE-PWR-RPX" Name="led_lauflicht_power_routed.rpx"/>
  <File Type="ROUTE-STATUS" Name="led_lauflicht_route_status.rpt"/>
  <File Type="ROUTE-STATUS-PB" Name="led_lauflicht_route_status.pb"/>
  <File Type="ROUTE-TIMINGSUMMARY" Name="led_lauflicht_timing_summary_routed.rpt"/>
  <File Type="ROUTE-TIMING-PB" Name="led_lauflicht_timing_summary_routed.pb"/>
  <File Type="ROUTE-TIMING-RPX" Name="led_lauflicht_timing_summary_routed.rpx"/>
  <File Type="ROUTE-CLK" Name="led_lauflicht_clock_utilization_routed.rpt"/>
  <File Type="ROUTE-BUS-SKEW" Name="led_lauflicht_bus_skew_routed.rpt"/>
  <File Type="ROUTE-BUS-SKEW-PB" Name="led_lauflicht_bus_skew_routed.pb"/>
  <File Type="ROUTE-BUS-SKEW-RPX" Name="led_lauflicht_bus_skew_routed.rpx"/>
  <File Type="POSTROUTE-PHYSOPT-DCP" Name="led_lauflicht_postroute_physopt.dcp"/>
  <File Type="POSTROUTE-PHYSOPT-BLACKBOX-DCP" Name="led_lauflicht_postroute_physopt_bb.dcp"/>
  <File Type="BG-BIT" Name="led_lauflicht.bit"/>
  <File Type="BITSTR-RBT" Name="led_lauflicht.rbt"/>
  <File Type="BITSTR-NKY" Name="led_lauflicht.nky"/>
  <File Type="PDI-FILE" Name="led_lauflicht.pdi"/>
  <File Type="RCFI_FILE" Name="led_lauflicht.rcfi"/>
  <File Type="CFI_FILE" Name="led_lauflicht.cfi"/>
  <File Type="RNPI_FILE" Name="led_lauflicht.rnpi"/>
  <File Type="NPI_FILE" Name="led_lauflicht.npi"/>
  <File Type="RBD_FILE" Name="led_lauflicht.rbd"/>
  <File Type="BITSTR-LTX" Name="led_lauflicht.ltx"/>
  <File Type="BITSTR-SYSDEF" Name="led_lauflicht.sysdef"/>
  <File Type="BG-BGN" Name="led_lauflicht.bgn"/>
  <File Type="BG-DRC" Name="led_lauflicht.drc"/>
  <File Type="RDI-RDI" Name="led_lauflicht.vdi"/>
  <File Type="WBT-USG" Name="usage_statistics_webtalk.html"/>
  <FileSet Name="sources" Type="DesignSrcs" RelSrcDir="$PSRCDIR/sources_1">
    <Filter Type="Srcs"/>
    <File Path="$PSRCDIR/sources_1/imports/vhdl/led_control.vhd">
      <FileInfo>
        <Attr Name="Library" Val="work"/>
        <Attr Name="ImportPath" Val="$PPRDIR/../../../../../../../../../../university/dide_fs23/ueb06_led_lauflicht/vhdl/led_control.vhd"/>
        <Attr Name="ImportTime" Val="1681551017"/>
        <Attr Name="UsedIn" Val="synthesis"/>
        <Attr Name="UsedIn" Val="simulation"/>
      </FileInfo>
    </File>
    <File Path="$PSRCDIR/sources_1/imports/vhdl/led_display.vhd">
      <FileInfo>
        <Attr Name="Library" Val="work"/>
        <Attr Name="ImportPath" Val="$PPRDIR/../../../../../../../../../../university/dide_fs23/ueb06_led_lauflicht/vhdl/led_display.vhd"/>
        <Attr Name="ImportTime" Val="1681552125"/>
        <Attr Name="UsedIn" Val="synthesis"/>
        <Attr Name="UsedIn" Val="simulation"/>
      </FileInfo>
    </File>
    <File Path="$PSRCDIR/sources_1/imports/vhdl/rst_sync.vhd">
      <FileInfo>
        <Attr Name="Library" Val="work"/>
        <Attr Name="ImportPath" Val="$PPRDIR/../../../../../../../../../../university/dide_fs23/ueb06_led_lauflicht/vhdl/rst_sync.vhd"/>
        <Attr Name="ImportTime" Val="1681541054"/>
        <Attr Name="UsedIn" Val="synthesis"/>
        <Attr Name="UsedIn" Val="simulation"/>
      </FileInfo>
    </File>
    <File Path="$PSRCDIR/sources_1/imports/vhdl/sync_deb.vhd">
      <FileInfo>
        <Attr Name="Library" Val="work"/>
        <Attr Name="ImportPath" Val="$PPRDIR/../../../../../../../../../../university/dide_fs23/ueb06_led_lauflicht/vhdl/sync_deb.vhd"/>
        <Attr Name="ImportTime" Val="1681541058"/>
        <Attr Name="UsedIn" Val="synthesis"/>
        <Attr Name="UsedIn" Val="simulation"/>
      </FileInfo>
    </File>
    <File Path="$PSRCDIR/sources_1/new/sync.vhd">
      <FileInfo>
        <Attr Name="ImportPath" Val="$PPRDIR/../../../../../../../../../../university/dide_fs23/ueb06_led_lauflicht/vivado/ueb6.srcs/sources_1/new/sync.vhd"/>
        <Attr Name="ImportTime" Val="1681549107"/>
        <Attr Name="UsedIn" Val="synthesis"/>
        <Attr Name="UsedIn" Val="simulation"/>
      </FileInfo>
    </File>
    <File Path="$PSRCDIR/sources_1/imports/vhdl/led_lauflicht.vhd">
      <FileInfo>
        <Attr Name="Library" Val="work"/>
        <Attr Name="ImportPath" Val="$PPRDIR/../../../../../../../../../../university/dide_fs23/ueb06_led_lauflicht/vhdl/led_lauflicht.vhd"/>
        <Attr Name="ImportTime" Val="1681552143"/>
        <Attr Name="UsedIn" Val="synthesis"/>
        <Attr Name="UsedIn" Val="simulation"/>
      </FileInfo>
    </File>
    <Config>
      <Option Name="DesignMode" Val="RTL"/>
      <Option Name="TopModule" Val="led_lauflicht"/>
      <Option Name="TopAutoSet" Val="TRUE"/>
    </Config>
  </FileSet>
  <FileSet Name="constrs_in" Type="Constrs" RelSrcDir="$PSRCDIR/constrs_1">
    <Filter Type="Constrs"/>
    <File Path="$PSRCDIR/constrs_1/imports/ctrl/led_lauflicht.xdc">
      <FileInfo>
        <Attr Name="ImportPath" Val="$PPRDIR/../../../../../../../../../../university/dide_fs23/ueb06_led_lauflicht/ctrl/led_lauflicht.xdc"/>
        <Attr Name="ImportTime" Val="1681540827"/>
        <Attr Name="UsedIn" Val="synthesis"/>
        <Attr Name="UsedIn" Val="implementation"/>
      </FileInfo>
    </File>
    <Config>
      <Option Name="TargetConstrsFile" Val="$PSRCDIR/constrs_1/imports/ctrl/led_lauflicht.xdc"/>
      <Option Name="ConstrsType" Val="XDC"/>
    </Config>
  </FileSet>
  <FileSet Name="utils" Type="Utils" RelSrcDir="$PSRCDIR/utils_1">
    <Filter Type="Utils"/>
    <Config>
      <Option Name="TopAutoSet" Val="TRUE"/>
    </Config>
  </FileSet>
  <Strategy Version="1" Minor="2">
    <StratHandle Name="Vivado Implementation Defaults" Flow="Vivado Implementation 2019"/>
    <Step Id="init_design"/>
    <Step Id="opt_design"/>
    <Step Id="power_opt_design"/>
    <Step Id="place_design"/>
    <Step Id="post_place_power_opt_design"/>
    <Step Id="phys_opt_design" EnableStepBool="1"/>
    <Step Id="route_design"/>
    <Step Id="post_route_phys_opt_design"/>
    <Step Id="write_bitstream"/>
    <Step Id="write_device_image"/>
  </Strategy>
</GenRun>
