<?xml version="1.0" encoding="UTF-8"?>
<GenRun Id="synth_1" LaunchPart="xc7z010clg400-1" LaunchTime="1681551083">
  <File Type="PA-TCL" Name="led_lauflicht.tcl"/>
  <File Type="REPORTS-TCL" Name="led_lauflicht_reports.tcl"/>
  <File Type="RDS-RDS" Name="led_lauflicht.vds"/>
  <File Type="RDS-UTIL" Name="led_lauflicht_utilization_synth.rpt"/>
  <File Type="RDS-UTIL-PB" Name="led_lauflicht_utilization_synth.pb"/>
  <File Type="RDS-DCP" Name="led_lauflicht.dcp"/>
  <FileSet Name="sources" Type="DesignSrcs" RelSrcDir="$PSRCDIR/sources_1">
    <Filter Type="Srcs"/>
    <File Path="$PSRCDIR/sources_1/imports/vhdl/led_control.vhd">
      <FileInfo>
        <Attr Name="Library" Val="work"/>
        <Attr Name="ImportPath" Val="$PPRDIR/../../../../../../../../../../university/dide_fs23/ueb06_led_lauflicht/vhdl/led_control.vhd"/>
        <Attr Name="ImportTime" Val="1681551017"/>
        <Attr Name="UsedIn" Val="synthesis"/>
        <Attr Name="UsedIn" Val="simulation"/>
      </FileInfo>
    </File>
    <File Path="$PSRCDIR/sources_1/imports/vhdl/led_display.vhd">
      <FileInfo>
        <Attr Name="Library" Val="work"/>
        <Attr Name="ImportPath" Val="$PPRDIR/../../../../../../../../../../university/dide_fs23/ueb06_led_lauflicht/vhdl/led_display.vhd"/>
        <Attr Name="ImportTime" Val="1681552125"/>
        <Attr Name="UsedIn" Val="synthesis"/>
        <Attr Name="UsedIn" Val="simulation"/>
      </FileInfo>
    </File>
    <File Path="$PSRCDIR/sources_1/imports/vhdl/rst_sync.vhd">
      <FileInfo>
        <Attr Name="Library" Val="work"/>
        <Attr Name="ImportPath" Val="$PPRDIR/../../../../../../../../../../university/dide_fs23/ueb06_led_lauflicht/vhdl/rst_sync.vhd"/>
        <Attr Name="ImportTime" Val="1681541054"/>
        <Attr Name="UsedIn" Val="synthesis"/>
        <Attr Name="UsedIn" Val="simulation"/>
      </FileInfo>
    </File>
    <File Path="$PSRCDIR/sources_1/imports/vhdl/sync_deb.vhd">
      <FileInfo>
        <Attr Name="Library" Val="work"/>
        <Attr Name="ImportPath" Val="$PPRDIR/../../../../../../../../../../university/dide_fs23/ueb06_led_lauflicht/vhdl/sync_deb.vhd"/>
        <Attr Name="ImportTime" Val="1681541058"/>
        <Attr Name="UsedIn" Val="synthesis"/>
        <Attr Name="UsedIn" Val="simulation"/>
      </FileInfo>
    </File>
    <File Path="$PSRCDIR/sources_1/new/sync.vhd">
      <FileInfo>
        <Attr Name="ImportPath" Val="$PPRDIR/../../../../../../../../../../university/dide_fs23/ueb06_led_lauflicht/vivado/ueb6.srcs/sources_1/new/sync.vhd"/>
        <Attr Name="ImportTime" Val="1681549107"/>
        <Attr Name="UsedIn" Val="synthesis"/>
        <Attr Name="UsedIn" Val="simulation"/>
      </FileInfo>
    </File>
    <File Path="$PSRCDIR/sources_1/imports/vhdl/led_lauflicht.vhd">
      <FileInfo>
        <Attr Name="Library" Val="work"/>
        <Attr Name="ImportPath" Val="$PPRDIR/../../../../../../../../../../university/dide_fs23/ueb06_led_lauflicht/vhdl/led_lauflicht.vhd"/>
        <Attr Name="ImportTime" Val="1681552143"/>
        <Attr Name="UsedIn" Val="synthesis"/>
        <Attr Name="UsedIn" Val="simulation"/>
      </FileInfo>
    </File>
    <Config>
      <Option Name="DesignMode" Val="RTL"/>
      <Option Name="TopModule" Val="led_lauflicht"/>
      <Option Name="TopAutoSet" Val="TRUE"/>
    </Config>
  </FileSet>
  <FileSet Name="constrs_in" Type="Constrs" RelSrcDir="$PSRCDIR/constrs_1">
    <Filter Type="Constrs"/>
    <File Path="$PSRCDIR/constrs_1/imports/ctrl/led_lauflicht.xdc">
      <FileInfo>
        <Attr Name="ImportPath" Val="$PPRDIR/../../../../../../../../../../university/dide_fs23/ueb06_led_lauflicht/ctrl/led_lauflicht.xdc"/>
        <Attr Name="ImportTime" Val="1681540827"/>
        <Attr Name="UsedIn" Val="synthesis"/>
        <Attr Name="UsedIn" Val="implementation"/>
      </FileInfo>
    </File>
    <Config>
      <Option Name="TargetConstrsFile" Val="$PSRCDIR/constrs_1/imports/ctrl/led_lauflicht.xdc"/>
      <Option Name="ConstrsType" Val="XDC"/>
    </Config>
  </FileSet>
  <FileSet Name="utils" Type="Utils" RelSrcDir="$PSRCDIR/utils_1">
    <Filter Type="Utils"/>
    <Config>
      <Option Name="TopAutoSet" Val="TRUE"/>
    </Config>
  </FileSet>
  <Strategy Version="1" Minor="2">
    <StratHandle Name="Vivado Synthesis Defaults" Flow="Vivado Synthesis 2019"/>
    <Step Id="synth_design"/>
  </Strategy>
</GenRun>
